<?xml version="1.0" encoding="UTF-8"?>
<addon id="repository.DejaVu" name="[COLOR lime]DejaVu Repo[/COLOR]" version="1.0.2" provider-name="The Wombles">
<extension point="xbmc.addon.repository" name="[COLOR lime]DejaVu Repo[/COLOR]">
	<dir>
		<info compressed="false">https://raw.githubusercontent.com/totalrevolution/python-koding/master/zips/addons.xml</info>	
		<checksum>https://raw.githubusercontent.com/totalrevolution/python-koding/master/zips/addons.xml.md5</checksum>
		<datadir zip="true">https://raw.githubusercontent.com/totalrevolution/python-koding/master/zips/</datadir>
	</dir>
	<dir>
		<info compressed="false">https://raw.githubusercontent.com/Floyd6969/modrepo/master/addons.xml</info>
		<checksum>https://raw.githubusercontent.com/Floyd6969/modrepo/master/addons.xml.md5</checksum>
		<datadir zip="true">https://raw.githubusercontent.com/Floyd6969/modrepo/master/plugins/</datadir>
	</dir>
	<dir>
        <info compressed="false">https://raw.githubusercontent.com/teamuniversal/scrapers/master/_modules4all/zips/addons.xml</info>
        <checksum>https://raw.githubusercontent.com/teamuniversal/scrapers/master/_modules4all/zips/addons.xml.md5</checksum>
        <datadir zip="true">https://raw.githubusercontent.com/teamuniversal/scrapers/master/_modules4all/zips/</datadir>
    </dir>
	<dir>
        <info compressed="false">https://raw.githubusercontent.com/jsergio123/zips/master/addons.xml</info>
        <checksum>https://raw.githubusercontent.com/jsergio123/zips/master/addons.xml.md5</checksum>
        <datadir zip="true">https://raw.githubusercontent.com/jsergio123/zips/master/</datadir>
    </dir>

		<info compressed="false">https://raw.githubusercontent.com/Floyd6969/repo/master/addons.xml</info>
		<checksum>https://raw.githubusercontent.com/Floyd6969/repo/master/addons.xml.md5</checksum>
		<datadir zip="true">https://raw.githubusercontent.com/Floyd6969/repo/master/plugins/</datadir>
	</extension>
	<extension point="xbmc.addon.metadata">
		<summary>DejaVu</summary>
		<description>DejaVu	Repository for add-on and dependencies</description>
		<platform>all</platform>
	</extension>
</addon>